draw_task,enum_name,category,macro_guard,description_zh,description_en,typical_trigger,api_entry,sw_support,evgpu_support,crt_support,mae_vs_sw_difficulty,mae_notes,unity_tests_widgets,unity_tests_draw,bench_scene,notes,
NONE,LV_DRAW_TASK_TYPE_NONE,meta,always,占位/无效任务类型,Sentinel / unused task type,—,—,n/a,n/a,n/a,n/a,—,—,—,—,枚举起点不参与绘制,
FILL,LV_DRAW_TASK_TYPE_FILL,2d,always,矩形/圆角矩形填充；可含纯色或渐变背景,Filled rect/rrect; solid or gradient fill,obj bg / bg_grad / lv_draw_fill / lv_draw_rect,lv_draw_fill / lv_draw_rect,yes,yes (pref80),yes (pref70),low_to_medium,实心直角易贴近；圆角与渐变 AA 会抬高 MAE,大量 widget 截图间接覆盖,test_draw_blend / test_clip_corner / test_render_to_*,fill_scene / gradient_scene / G3 cards,最常见 2D 任务,
BORDER,LV_DRAW_TASK_TYPE_BORDER,2d,always,描边矩形/圆角环,Border / stroke around rect or rrect,style border_width>0 / lv_draw_border,lv_draw_border,yes,yes,yes,low_to_medium,直角边易贴近；圆角描边 AA 难为零,widget 截图间接；无独立 test_draw_border,test_clip_corner 等连带,border_scene / G3 card border,,
BOX_SHADOW,LV_DRAW_TASK_TYPE_BOX_SHADOW,2d,always,投影/阴影（模糊+偏移）,Drop box shadow with blur and offset,style shadow_* / lv_draw_box_shadow,lv_draw_box_shadow,yes,yes,yes (分层近似),hard,滤波核与半宽近似因后端而异；相对 SW 很难 MAE→0,少（如 test_image/test_bar shadow）,test_draw_dropshadow / test_clip_corner,box_shadow_scene / G3 shadows,与 BLUR 同类难点,
LETTER,LV_DRAW_TASK_TYPE_LETTER,2d,always,单字形绘制任务（非整段文本）,Single glyph draw task,lv_draw_letter 直接入队；LABEL 内部多走 glyph 回调而非独立 LETTER,lv_draw_letter,yes,yes,yes,medium_to_hard,字形 hinting/子像素与 SW 不一致,widgets 几乎不直接发 LETTER,test_draw_letter,无独立 scene（由 LABEL 拆出）,勿把 LABEL 用例等同 LETTER 覆盖,
LABEL,LV_DRAW_TASK_TYPE_LABEL,2d,always,整段文本（换行/选中/装饰等）,Multi-glyph text run,lv_label / textarea / span / lv_draw_label,lv_draw_label,yes,yes (atlas),yes (atlas),medium_to_hard,字体栅格与 AA 差异,test_label / test_span / test_textarea 等,test_draw_label,label_scene / G3 titles,最常见文字路径,
IMAGE,LV_DRAW_TASK_TYPE_IMAGE,2d,always,位图/纹理图像绘制,Bitmap / texture image blit,lv_image / bg_image / lv_draw_image,lv_draw_image,yes,yes,yes,low_to_medium,无变换时易贴近；旋转/缩放/色键抬高 MAE,test_image / animimg / imagebutton / lottie,test_image_formats / colorkey / cache / bg_image,image_scene,解码格式覆盖在 draw 测试更全,
LAYER,LV_DRAW_TASK_TYPE_LAYER,2d,always,子层合成（变换/半透明/blend 后 blit）,Blend a rendered child layer/FBO,transform / opa_layered / blend_mode / bitmap_mask → layer,lv_draw_layer,yes,yes,yes,medium,变换滤波与中间 FBO 精度差异,test_obj_transform / roller 旋转等,test_draw_layer / test_layer_transform,layer_scene,常依赖其它 task 先画满子层,
LINE,LV_DRAW_TASK_TYPE_LINE,2d,always,线段（宽度/端点样式）,Straight line segment,lv_line / scale ticks / lv_draw_line,lv_draw_line,yes,yes,yes,low_to_medium,细线 AA 可导致 1px 级差,test_line（功能为主）,canvas 等间接,line_scene,,
ARC,LV_DRAW_TASK_TYPE_ARC,2d,always,圆弧/环形指示器,Arc / circular indicator,lv_arc / spinner / arclabel / lv_draw_arc,lv_draw_arc,yes,yes,yes,medium_to_hard,曲线 AA 与端点处理差异大,test_arc / spinner / arclabel,较少专用 draw 文件,arc_scene,,
TRIANGLE,LV_DRAW_TASK_TYPE_TRIANGLE,2d,always,填充三角形,Filled triangle,lv_draw_triangle（常经 canvas）,lv_draw_triangle,yes,yes,yes,low_to_medium,边 AA 仍可能差几个像素,test_canvas 大量 triangle,较少独立文件,triangle_scene,,
MASK_RECTANGLE,LV_DRAW_TASK_TYPE_MASK_RECTANGLE,2d,always,矩形/圆角遮罩（如 clip_corner）,Rectangular/rounded mask,clip_corner / bar indicator mask / lv_draw_mask_rect,lv_draw_mask_rect,yes,yes,yes,medium,圆角 mask 边缘 AA,widgets 少显式 clip_corner；bar 可能间接,test_draw_sw_mask / test_clip_corner / test_draw_layer,mask_rect_scene,,
MASK_BITMAP,LV_DRAW_TASK_TYPE_MASK_BITMAP,2d,always,位图 alpha 遮罩,Bitmap alpha mask,bitmap_mask_src style / layer mask,lv_draw_mask（bitmap 路径）,yes（主路径）,no (evaluate=0 回落 SW),no (evaluate=0 回落 SW),medium,GPU DrawUnit 常不认领,少,test_draw_layer / test_draw_sw_mask,无独立 bench scene,EVGPU/CRT 故意回落 SW,
BLUR,LV_DRAW_TASK_TYPE_BLUR,2d,always,区域高斯/近似模糊（含 backdrop）,Region blur (content or backdrop),style blur_radius / lv_draw_blur,lv_draw_blur,yes,yes (kawase 等),yes (kawase),hard,滤波实现不同；相对 SW 很难 MAE→0,test_blur（style）,test_draw_blur（直调 API）,blur_scene,widgets 已补 style 路径用例,
VECTOR,LV_DRAW_TASK_TYPE_VECTOR,2d,LV_USE_VECTOR_GRAPHIC,矢量路径填充/描边（曲线/规则/渐变/pattern）,Vector path fill/stroke,lv_draw_vector / chart CURVE / SVG / canvas path,lv_draw_vector,yes (ThorVG),yes (EVGR),yes (tess→GLES2),hard,实测 vs SW：lines~1–3 MAE；shapes~10–16；during_rendering CRT 可达~35；不宜强求 MAE=0,test_vector；chart_curve 间接,test_draw_vector* / demo_vector_graphic,无独立 bench；见 unity_sw_evgpu_crt_diff,三后端算法不同是主因,
3D,LV_DRAW_TASK_TYPE_3D,3d,LV_USE_3DTEXTURE,3D 纹理 blit 到 2D 层,Blit 3D texture to 2D layer,lv_3dtexture 等,lv_draw_3d,no,部分/视宏,部分/视宏,n/a_vs_sw,SW 无对等路径；勿用 SW 金图求零,—（未单测 TYPE_3D）,—,demos 视配置,与 3D_* pass 族不同,
3D_VIEWPORT,LV_DRAW_TASK_TYPE_3D_VIEWPORT,3d,LV_USE_3D_DRAW_TASKS,开启/解析 3D pass 视口到屏幕,Open/resolve 3D pass viewport,lv_3dviewport,lv_draw_3d_viewport 等,no,yes,yes,n/a_vs_sw,仅 GPU；Unity 冒烟无 SW 金图,test_3dviewport_grid_smoke (EVGPU/CRT only),—,3dviewport demo,依赖 EGL+EVGPU/CRT,
3D_CLEAR,LV_DRAW_TASK_TYPE_3D_CLEAR,3d,LV_USE_3D_DRAW_TASKS,清 3D pass 的 color/depth,Clear 3D pass color/depth,viewport clear_color / clear_depth,lv_draw_3d_clear,no,yes,yes,n/a_vs_sw,随 viewport 冒烟覆盖,test_3dviewport_grid_smoke,—,随 3D pass,,
3D_LINE,LV_DRAW_TASK_TYPE_3D_LINE,3d,LV_USE_3D_DRAW_TASKS,3D 空间线段（如 grid）,3D space lines (e.g. grid),viewport grid_visible,lv_draw_3d_line,no,yes,yes,n/a_vs_sw,随 grid 冒烟,test_3dviewport_grid_smoke,—,随 mesh/viewport demo,,
3D_CALLBACK,LV_DRAW_TASK_TYPE_3D_CALLBACK,3d,LV_USE_3D_DRAW_TASKS,自定义 GLES 回调绘制,Custom GLES render callback,lv_3dviewport_set_render_cb,lv_draw_3d_callback,no,yes,yes,n/a_vs_sw,本轮 Unity 未加用例,—,—,demo_3dviewport render_cb,需自备 shader,
3D_MESH,LV_DRAW_TASK_TYPE_3D_MESH,3d,LV_USE_3D_DRAW_TASKS (+ LV_USE_3DMESH),三角网格（可 phong）,Triangle mesh (optional phong),lv_3dmesh_set_box / load_obj,lv_draw_3d_mesh,no,yes,yes,n/a_vs_sw,GPU 冒烟；无 SW 金图,test_3dviewport_mesh_box_smoke,—,3dscene / 3dview demos,需 LV_USE_3DMESH,
3D_SCENE,LV_DRAW_TASK_TYPE_3D_SCENE,3d,LV_USE_3D_DRAW_TASKS (+ LV_USE_GLTF),GLTF 场景绘制,glTF scene draw,lv_gltf / 3dscene demo,lv_draw_3d_scene,no,视 GLTF,视 GLTF,n/a_vs_sw,依赖资产与 GLTF 栈；Unity 未覆盖,—,—,GLTF demos,板端常 LV_USE_GLTF=0,
